{
  "test_samples": 36,
  "metrics": {
    "accuracy": 1.0,
    "precision_weighted": 1.0,
    "recall_weighted": 1.0,
    "f1_weighted": 1.0,
    "precision_per_class": [
      1.0,
      1.0,
      1.0
    ],
    "recall_per_class": [
      1.0,
      1.0,
      1.0
    ],
    "f1_per_class": [
      1.0,
      1.0,
      1.0
    ]
  },
  "confusion_matrix": [
    [
      12,
      0,
      0
    ],
    [
      0,
      14,
      0
    ],
    [
      0,
      0,
      10
    ]
  ],
  "feature_importance_top_10": {
    "od280/od315_of_diluted_wines": 0.14403389394283295,
    "flavonoid_phenol_ratio": 0.10487112402915955,
    "alcalinity_of_ash": 0.10375392436981201,
    "flavanoids": 0.09400219470262527,
    "alkalinity_ash_index": 0.09357687830924988,
    "alcohol_color_intensity": 0.08730220049619675,
    "proline": 0.0817081481218338,
    "color_intensity": 0.0682935118675232,
    "hue": 0.03980628773570061,
    "magnesium": 0.03865991160273552
  }
}